PCA1,PCA2,PCA3,PCA4,PCA5,PCA6,PCA7,PCA8,PCA9
-10.042986383161278,2.2960805187727114,2.924037586579575,4.083307373739078,-0.5125025371033178,-2.2316327617466665,0.6190166680179928,0.9094046390512484,1.7922202959800027
-9.489502401938827,3.987255648969729,3.1279483677210123,4.874493481379097,-0.11876889007033099,0.1109636376391265,1.320742804043227,1.7950144251192264,0.36911638293448495
-9.629351994026301,3.561696392785899,3.1578784093616536,4.6931829799493014,0.48432546054398,-0.6011935803328342,-0.9440909240832406,0.593342466104516,-1.4635318248481006
-9.625576113506936,3.0446988330983493,2.695375268192951,4.635827775715353,-0.19837508478096225,-1.75144227733164,-1.5599813980426658,-1.4774189781168343,-1.150923712989396
-9.28832152152136,0.4201510099216285,3.6244489694912,4.084282017067901,0.2586928207005802,-2.9544201678007083,-0.6944513628009911,-2.551775683580211,-0.26369347569841844
-6.322381570836702,-1.0685210647275154,4.885256198728124,0.22030898769782858,-2.3562104837731344,-3.1951330190167386,-0.6478223622014849,-1.8402003694723006,1.5334812285903856
-7.7682275723391765,-4.664520783753093,1.3299211563964983,1.4630563395014302,-1.5067403059155808,-3.2894684798139986,0.6228921477549038,-0.45248332162741894,1.9719073848312811
-8.01303791802789,0.23543767935388424,-2.3489966679122385,1.6534325027629269,0.1539983522315854,-2.59060058141161,2.510447891844333,1.7323561274899055,1.5648248061518524
-9.839722793258394,3.1670108486823105,4.201022051163374,-1.7253693154963448,-1.6520196778453766,-3.588140947035389,1.184678776122509,-0.962989054122086,-0.449341363198099
-7.723523928717061,2.9467823601494305,4.231640572410185,-0.8244170422413843,-1.1241176606284105,-2.3804134895304694,0.16328053998698464,-0.2689540722452422,0.2711254086451244
-7.8294342111427,0.582580061446686,4.533579663274413,-1.7651694567920488,-0.5459555129709065,-0.6208359983868017,0.4642810133184072,-1.4065510354519137,1.380483885239551
-6.771097315571479,1.278607635954575,3.091871687457886,-3.656637577964264,2.2592548947730773,-0.7661530712955243,-0.9378354611496266,-0.8827277673699594,0.556182294672001
-6.05054011407619,2.3986060957351563,2.9997549082854937,-2.1004365135075984,3.007533716323419,-0.4522448790263091,-0.3484186795603236,0.5851148931461988,-0.046975722375938854
-5.7909004130626895,0.3243399112948206,2.883136389043737,-6.097661692728409,5.613314912666435,-0.4912777738008915,-1.0115030514385273,-1.9210338407311616,1.7745637806199819
-4.886420616249599,-1.2974420363596466,1.500230651477432,-5.88221392018752,4.479612866388524,0.7352599456362574,-3.078775959623575,-1.6229146825061838,2.334386102503271
-6.4888245422201765,-3.9680022416700815,3.01489228656347,-4.738472570485974,2.63700703358864,0.23889941232302106,-0.6928890327790058,-2.2298121566365996,1.3575613718522523
-6.9533758424683,-5.710311756943196,1.7094383072761676,-5.10632936603524,2.964144467942102,0.2937090673843757,-1.5959701848217214,-1.8293712547037098,2.0926572098405956
-6.983021921724984,-6.490479121415322,0.24832495488462253,-4.06073402222055,2.4460408448261455,3.032373959694338,0.7126595468095314,-0.6978949854691958,0.08505102424788688
-7.583124240346987,-1.062334053051325,0.4842626186054253,1.4125183191540045,0.21260266781042667,1.9715223736597873,2.9444224207255725,-1.9497799119361334,0.7054191662078296
-8.853664060788285,0.8383710568830557,1.9554844581960513,-1.1605061319268242,2.8548199422820137,1.5824942449312265,-0.8917275468214106,-1.1740433032362825,1.4645926967142626
-8.431987099708424,-0.714542011011653,1.9679551959461132,0.08053176785492791,2.9301880056604537,-1.6344581170413695,-0.7081542456933232,-2.518247154817506,1.1751008133355083
-8.77180804449224,-2.0593987747832943,3.4269479803093588,-3.0257137335164184,4.0812060034158675,-4.472805646101624,-3.4042974258498604,-1.2462503894572274,0.644337832374416
-7.346243480357517,-3.5684912702306084,0.2366056090617499,-1.960298838172798,3.43386594087021,-1.4508326775728657,-2.0304369257365096,-0.19235759185528914,0.7097832708956769
-6.682408138372164,-3.295667580949437,1.5393158305369596,-2.4912755889233433,4.00053138269412,-0.7321018907607727,0.09585657111154977,-0.6342582067337889,-0.5911615480650454
-6.616880837013399,-4.134521509204554,1.9919493670645956,-1.616554825069677,1.356611602843732,-0.3166656483712789,-2.2905231871368454,-1.4479464975109104,2.834398571282361
-6.518094127570864,1.9026667031284978,0.1972483060258597,-2.7222208432302866,3.5897222688164225,-0.5435445048943456,0.27938658143126094,-0.6477189991714064,-1.0977951542678162
-8.614839258992147,-5.515757642663608,2.392422612715799,-4.979965176279187,0.526397917042395,-0.11566854205453778,-0.3948312620472185,-1.2679071923605112,2.8155253878753927
-8.847753518100728,-7.356054003963397,0.6433500211704529,-3.6935085350109023,2.439561549117939,-3.08601331819264,-0.322866394865888,2.3741090856452343,1.5432308485015864
-7.417614160570742,-3.0519407623894694,-0.24604293976254082,-1.2042374079751679,2.646217693656521,-2.328504660439881,2.1610024952339857,2.1400933425578637,0.1506288479474111
-7.0173842817537855,-2.368091765895407,2.1550969951079013,1.011993216691386,-0.2387594827065665,0.6111521235692216,1.7333947223906927,0.2828564803559483,2.2090795092946993
-6.3372346258374135,0.12946154887205472,4.779590710125252,-1.6376846655671584,0.5441215097044836,-0.40435462411977496,-0.71875242124331,0.3583661427213626,2.6687873756744414
-7.927347925567863,2.8908916210830276,0.7640206584845627,3.2636415335593383,2.3071608645582273,-0.1417766485105247,1.1792190106465688,-1.1620983127770677,0.714116468121224
-7.728197406923846,4.401085411455407,0.7350563987885411,4.9551430022654674,-0.3307863693293834,0.6083148414100154,-1.6321367993769642,2.6948137847143756,1.366218181472592
-7.981815885086443,4.122491146452773,-0.8487391781509724,2.0997316210376122,1.5037671801829766,-1.6760959009588379,-0.21370037714625315,0.3017982498813079,3.067839555590202
-8.374662060313828,7.077049718821976,-1.340472157809116,-1.8065020963303762,0.8042957550119589,0.1836715316472142,0.29694149292908717,-2.563374224080996,2.7490937137238634
-9.158524543476986,8.87840121422677,-1.7299985353829337,-2.1839883882512945,0.8827097193957172,3.335850501806408,-1.3096910079068116,0.8684595920123417,1.3197505417137347
-7.769503981083657,8.358195321895234,-1.1529451203466081,-2.75195529508557,2.1019117726502183,4.076858085329389,-0.6575928641114107,-0.47493234623801706,0.1086278743358307
-7.012653159649157,6.389190610292077,-1.4819017574486082,-2.630146161767512,-0.13928002482081556,3.0853071240997574,0.33035717010189947,1.3068496257768474,0.6451488300764439
-8.435474507838984,5.420606147658969,-2.5470920143737446,-1.8387262143050143,0.7232245130123314,3.6015851475904785,0.3499961025880648,0.11155321842802733,2.399395588747523
-6.925969849701668,7.587452814732454,-1.7686274740769274,-5.462348603994981,0.7859459268650316,2.5912134284595107,1.2602351255723725,0.32563994722342365,0.6391630679723275
-7.146451391436946,4.724630339543806,0.47501228701668524,-5.456122565145401,0.04337587641736929,1.993843189162363,2.173805372833789,1.0432930747464242,0.4880046001549985
-6.976719810673678,0.03786457497442568,1.3597291724956733,-4.233901022217503,-0.704446229134191,2.7112966074480482,1.0861403955916191,2.5283106432771363,1.4410342931675875
-7.34596694011545,-3.367780355502763,0.9025901124193683,-3.445675722110364,1.056059762424888,0.5825514738287755,1.836511096733899,3.076679301593223,-0.3109260149497616
-7.233676047808168,-5.96808435470131,-0.49952805397282923,-2.8627519223960465,-0.21211609775129736,0.5397327439263268,-0.06909055093815378,0.28005662242490803,1.3952180182100224
-9.008335289581197,-4.127820455176506,-2.251076755937503,-1.5431399205165501,-0.4590255592618107,0.005850076737684241,0.13815310851299484,3.103090747718975,-0.9960247662168801
-9.320087850290918,1.694314323111078,-2.3623058152561733,-0.0897652751373272,-2.948191442016282,-0.09129543477873708,2.3342836718384374,2.2890280403673544,0.4477526471716785
-8.726543650076398,7.049041690732895,-3.8704284661523927,-0.771138246438048,-0.41369295316743154,-1.783789500043906,2.9627214104918407,-0.018072397058920345,3.237832434432264
-8.94197943775227,7.782356012031378,2.0171595161364464,-4.998411929757352,-2.9511344067358647,-3.1871351493659463,1.4389171447975524,-2.3426031810638643,2.0774621356802383
-7.626924978209182,2.781300511810114,3.0685884956712406,-0.18400938567919464,-5.165688001321646,-1.3803525979223552,-0.4036143047987796,1.5671414631279532,1.6579304183021686
-7.678821143912364,1.0172191015528638,-0.609051650042637,1.4839786993574706,-1.4102750262879795,-0.3362642918550256,1.1707079869951147,-0.06968802924863932,3.419806385698502
-8.09919824577625,5.1899010222212505,-4.4401470620391805,0.019029546173136038,1.5660488345819423,0.1402003813835643,2.1504994161020505,0.24781295465396277,1.6824462231164583
-6.5930513032962414,8.449530217537,-2.9838994061601563,-4.4164688222182145,0.6844312007313741,-0.7431064363673078,-0.77582925457021,-1.993005240527018,1.7264439351312082
-6.277063280989839,8.722546068621586,-0.5670033851125175,-4.864716130240446,-1.2368556213942021,0.868406526842576,0.9384098781633498,-2.42100312166685,1.8763481655544867
-6.000022481629235,9.735363802894161,0.49636864806031894,-2.4541924325143736,-0.8924134431529596,0.9731611101716406,3.250892641787277,0.08034722489899115,1.8733755519007753
-6.546069590409985,7.359900495904441,-0.7387431135459058,0.30715074238193046,-2.941919429524965,0.9814682790419725,0.9904626370564771,-0.08941774736407694,2.5371418576499587
-7.393094449153734,6.8745816218235305,-1.6364106680257864,-1.3650662183141722,-2.05530028224209,0.5286716683472175,-2.556082024398657,0.5941516052139912,3.052044341123091
-5.029046938836308,10.967893242943592,-3.7283516004369965,-4.064760665107666,-0.8152617348977675,1.3524069616844596,-0.1345213940460892,-1.8439708220977078,3.74394943220839
-4.299043234569861,11.21992755379325,-3.601523410659331,-5.772457549768156,-0.5718674568713394,1.1572921907320228,0.7885235809603975,-2.27381673156104,2.1487431305126576
-3.995611266661696,6.803312695862661,-2.1226187457474652,-6.05659050969725,-0.48709302863090254,1.6297033462070998,2.9397202330802394,-0.41557819046551897,-0.27988084233810573
-3.5701453924104127,3.386833987157415,0.23803663183666787,-6.774885238570982,-1.8105205961901056,2.065902461019759,3.130290021396148,0.06364181906378324,0.5562147983128465
-3.596318688647834,-0.9475659357769413,1.261743538428743,-6.169081076316888,-0.16743304762108396,1.294345697735655,1.5635783209167509,-0.16819738335704137,0.9435600402957166
-3.520572427641728,-3.15065165560749,0.27681965206331116,-5.862179526779773,0.8413462849051563,2.2337939408427943,1.0462467537586007,-0.2133641579276998,0.7771577683118299
-5.003073343492051,-5.080922349742659,0.21651080297811992,-5.023028683221499,0.3496947853659442,3.777017355038101,2.409264284358688,1.581557636865429,0.17453387570062515
-3.2695231133301825,-3.6307673072441404,0.17552238306319978,-2.7515844286595486,0.02948190080591288,1.2053945157660708,2.421839234288453,0.45962190741115916,0.08487098042748237
-4.699290295483881,-1.3620906475682115,2.1805539878824978,-2.168981926313774,-1.520703718407486,0.5258103042018981,2.08671109157967,0.5526281282682902,0.41910434760198445
-4.167323028629983,-3.9899027535836535,2.4094791140264857,-4.615426504353287,-1.0882362680780593,-0.987790145195991,-1.6127651873016453,1.7483685720977764,0.9378148991815699
-3.6333215178282683,-3.5924273694177296,-0.27701246218406594,-5.983874545058617,0.6323917918744134,2.3991076894638588,0.8625142574194746,-0.4487921991658989,-0.6620185558483858
-3.9530666511255017,-6.411778366890106,-1.7246887947538376,-3.683363855030335,-1.6158842099113258,2.8515243311740974,3.6039315747536707,1.05216049615595,0.3063661615300078
-5.086038410909709,-6.324432288184801,-2.091728293800634,-1.0112093054362536,-2.1259085002236833,4.413354787543447,0.1447244403675877,1.0909930446535843,-0.6981812647922426
-5.490766595688818,-3.6649147118877776,-1.963973909814829,0.8447774638544638,-4.087805282917852,4.130070743913893,-0.0069697752278387645,1.7660479020890223,0.3218333551927458
-6.0009402756555525,-3.562485944922363,-2.252418400258542,0.9127117928682869,-3.1714891835172376,2.828303103996204,-2.0662291210972294,1.3887357205110498,2.353619055349813
-6.19942419219577,-3.773058850277161,-2.2116870251058938,1.9358485124322318,-2.944584141393712,1.567439393740668,-0.17587051096994802,0.7092613708910079,2.6571623583915085
-5.9296467647819995,-3.8173956545993906,-2.601814104244294,2.5912567570469522,-2.5432007615277588,1.2878291238763517,-1.2229601466096127,3.5355736931478083,0.8441859750724885
-5.794947215814286,-4.2891104985296,-0.33110721714517216,1.106713997870097,-2.4739209305071177,0.9493983363894217,-1.0309469126617943,0.5906189695284203,-2.7886592562487897
-5.838561210992123,-1.8784559515680759,-3.5707159414186025,-0.4604317973256553,-1.257866123440218,2.229418708940999,-1.2285194105649893,-1.1780825464875193,-2.031696503141353
-7.447458444671132,-2.9902044138685713,-6.572736509109822,1.545169886014318,-1.0429176777626445,1.8125213890464849,-1.9174685444791895,0.11060699158050792,-1.083919339356451
-8.424193525507492,-2.973053937030157,-6.768040607618613,1.0304442443472666,-0.8404783517231218,0.3930198961222264,-2.0968842587511864,-2.9481830084178635,2.0232463313617894
-8.481462205177055,-5.980131544887418,-4.645987644414788,-0.18499509578405934,-1.7806140234266061,-0.41901514409932095,-4.383977096185121,-2.6552459224422247,1.9226842649198232
-5.676023840742303,-1.1359976506794824,-2.7842276433521156,-1.1956253101345442,-5.899001335962427,-1.5154093630028773,-2.728286038351311,0.5372013357220917,0.49154727270261345
-4.2474101882532365,3.8558932085438995,-5.394864016409671,-0.19515588125921812,-1.1419371802226304,-1.3143110243550988,2.6319850086918697,-0.3707173374781922,3.220951461683359
-5.564717728701215,2.269478842205131,-1.791021257930359,-4.0760590753176675,-3.632943223538341,-3.112924034432177,0.1807182941496596,2.7656058637295575,2.592495010423144
-4.3141465400327155,1.4423727180499342,-6.403389027737026,-3.2335420800811536,2.0673640350720452,-0.8041169241687945,2.3633399303525935,3.112606515311485,-0.49800510248600893
-6.447395899760546,-3.111356333730554,-2.969736106883665,-0.7802383493782847,0.20180057335127954,-4.0598403832356915,1.8085790019377164,2.1417523751254883,-1.1654599586995595
-6.547745134968244,-1.8169140533783803,-2.8990963550299536,-1.4168129385960915,-0.5935794296495791,-4.5290660463786905,3.509855504543651,-1.2542709260663711,0.9213597724175547
-6.323398215692744,-4.101471595554704,0.4226744767260509,-4.467734574959996,-3.2968544519316896,-3.171142963991689,2.1805023475136758,0.8407798480315761,0.22591829386161758
-7.251203070390726,-9.155040610053643,-2.1554131974511876,-2.698586030244457,-2.070085190323829,0.46313500219618003,0.55065506341147,2.565660258138722,-0.9800291660539608
-6.552639371944834,-9.099311799460711,-6.732795771602835,-1.3673012287172341,-0.5530294903235736,0.1623167067162689,-1.6156832047370744,2.0004735246637755,-1.8704564618162554
-6.119715330289673,-3.974613073569784,-5.870941191093447,-4.297112480398753,0.2849561212844316,-0.4388064950700022,-0.04338336907276819,-1.0440348019668708,-4.794312660702404
-5.751965803515703,-4.908873768682204,-5.792634236766101,0.7117804636330701,-0.051363051282854566,-0.8813188956129362,2.924277589885726,0.37962336250530937,-2.907637802089362
-4.783090412910799,-2.4901488257488316,-6.984615975705118,0.18696861637257875,-0.8176422796611449,1.1666835170993537,3.3277855187303005,-1.2463859807385624,-1.3772313404393504
-6.4709458516966984,-0.4271761610714703,-2.9761534028672205,0.477080420030589,-0.25243912877934055,-2.3879808826868083,0.6156908639026728,0.2424586739605147,-4.3386827253666205
-7.093168291334769,-4.410939797054285,-0.1787104675339345,-1.2327030874011637,-2.64464208876945,-4.9975167717384545,-1.4942186237892077,2.0824869108577975,-3.1097746332313734
-5.683741180205574,-4.515866664811485,-4.514421894029533,-0.3741145376051578,-1.3476115596755096,-0.03777885345124088,-0.13924799002858493,1.220060968011311,-2.1491105171523674
-5.581322922727798,-4.5810909964456545,-5.6449868883917915,-1.598488921595125,-2.927066654596206,3.4091870707243013,-1.707217022976013,-0.32276154092708226,-0.40173971847331164
-2.9862668974694815,-2.028872970844443,-6.548640248239726,-1.2226395878171818,-2.9404765774565753,2.2800215046187375,2.8991189541089377,-0.6068167869985077,1.5985835046752255
-4.491720036230671,-5.399325554875037,-4.743535347332279,2.209180773571723,-3.7849474920549167,1.5886263057971906,0.4485360982477227,-2.1725825685740956,-1.3082527515976499
-4.351044473805374,-4.831686856848321,-2.8735751588161853,-2.5767663341186404,0.43433681614790326,-1.9337600335333516,1.8186471496748833,-3.2454690836363826,-2.058001783676141
-2.5418101167404963,-3.226564098130033,-3.2744261671788344,-4.951461981255106,0.4983492057601357,-3.488115255488794,0.004031856387449174,-2.1210118798817716,-0.8917943545868023
-4.3809585886871,-4.689281087696882,-3.5323850710585756,-1.1492256754796095,-3.2472402262264586,0.10643737915269968,2.0846107677291856,-4.581471790344159,-0.33423802224829247
-5.258860806085676,-2.0091000371885595,-7.575875011988503,2.685149374709354,0.4964809133303903,-2.9238902529273685,3.8627963754452375,-0.6151516831012337,-3.4159917253857643
-5.421453331155449,0.6908684570205138,-1.8906264163019375,0.45420529994979336,-3.472243409731833,-5.617680483112615,1.6768655551540772,2.1668364161335503,-1.5069267673621805
-4.400588227030035,-1.2266037094160218,0.5451775166785651,1.9637105986421046,-3.4750360790934076,-3.0117178780839517,2.8850493697896007,-0.29759571895527015,1.2595097558943806
-1.748769426014483,-0.6832517538098795,-0.7551415019249456,1.9217801674139847,-2.9885945107572374,-3.622823052420634,1.800475998870207,0.4846055434252863,0.04094235110130788
-0.26626980586715965,-2.6337934406430907,1.712672781572924,-2.406552848819677,-3.6436114635774812,-3.7074219341701657,-0.9307448887727082,3.278107575392546,2.4043285690713425
-0.2503921098529116,-6.526078413057912,-0.4599555304675805,-2.6864495289731556,-2.2692353674343075,-0.13274319032636328,1.7953870233041254,0.006945949996875975,1.8231970069953158
-1.9335265865076021,-4.5599773421875165,-1.9442004782936604,2.6946347043342147,-2.0152794943169363,-1.1813475788996366,1.2543578800667756,1.4492068219962757,0.7366470447951989
-0.24680266094691092,0.0883591576583614,-2.10675861015412,0.9168355336638464,-3.6313177901129032,-1.2229935004093775,0.32095599256506296,2.739877787911951,1.9840694056515074
1.0757653424719906,2.001301542792185,0.23749084034813045,-3.934730584802153,-2.9230315841937538,0.32482119766103146,-3.7438231684215775,5.186723400828207,1.1809057576185138
0.9324476559097892,1.3476404715324466,0.6270156866067401,-4.0035424090569345,-4.758916452814691,1.5291122222847142,-3.1924606245619733,2.6328784688129927,2.2832897375307892
0.5368436715859103,0.44620400756636835,0.03470455231577049,1.4770866582781135,-2.384835603011046,3.221300701635241,2.853565430099895,-1.605350501212328,2.5377139326841642
2.466867908857496,2.3684481299381397,-1.1948052110237275,0.16173040006430012,-0.4561729707883804,2.1581773818482857,5.317920061823122,-1.3061188437360762,0.9795496817940792
4.363152673152716,4.861701636609537,-3.4836805887755684,-3.251927151107364,1.6762182113508952,2.6686447429552187,-1.4238865850630247,1.3695058508118383,-1.336559603798649
2.510155624635508,4.086409391765637,-2.085028591142017,-3.1134977323598423,-0.5068430064293422,1.5123117910882775,-5.028213070798311,2.056167866446585,-0.7750313848345389
1.685143223416215,2.2769041514566197,-1.1705020926596443,-0.03539193716288573,-2.740423301164573,0.23652477105062392,-5.551585726828604,-0.47901421020324736,-2.1618543155657153
2.7696998163725506,3.1640394145175788,-4.52881807649211,-1.6789487506361607,-1.299697512460592,-2.026238773590627,-3.1932552237257594,-2.1052817117992153,-1.2562273075962824
0.6882425042292772,1.4043001392260588,-1.5962608194691366,0.7776289799076042,-3.6341277901486393,-2.6798736289758907,-0.8686270634764207,0.9662507765702455,-0.31016679017442467
2.9347852973501607,4.141017558565394,-2.995848990302667,-3.680092584670761,-3.289723557259598,-0.1332222835480049,-0.6767992729690667,1.5669029077512595,-2.3889725567037794
4.819419592118321,5.212158814252286,-1.0638373816331437,-6.661763286576825,-3.2361444529835954,-0.6142251821932371,1.8760648417844101,1.5154253402836082,-0.7816994091420135
6.501862526590467,2.074990635418223,0.10751621505471079,-10.062998701435871,-1.8494370921243262,-1.2331335968581016,1.2039083676470121,-0.7663745163171771,0.03896407473181264
3.651990170789138,1.3368625402991647,-1.016179050937016,-3.5985501417935173,-3.2932137870479585,1.3776842063818702,2.2704961574202644,-2.5667681722890165,1.4826525920112492
3.1135776692522183,4.256311940432018,-1.6981435809265384,-1.3991814537926384,-0.6094771489737989,-2.2935744337345674,2.11146796912552,-1.8634188059368746,0.4764774848757679
2.3719914491698693,4.2160469278027675,1.454680612336099,-1.8759921943277833,-3.363565287493064,-6.478429110478051,-0.5821725379030102,2.5526018453058055,-1.574641010211271
1.5539625144387568,1.0045821401767432,-4.142848372793867,2.9689575762889855,-2.3857387054131016,-3.864543253493409,-0.5979249609123245,-0.1790776184106086,0.6858889991430029
0.85122449397934,0.32851915207735666,-6.470250198265326,4.001802993947641,-1.9218038995271485,-1.1689925989317898,0.24929500920206052,-2.7738968527860393,3.6560226100809183
2.3497840618066115,0.06306033109101811,-5.198205744151934,0.5588612215663681,-0.06892858220959149,-0.02025834550404024,-3.0354615360281874,-5.008775560138518,4.646223063499307
3.336836058182564,-1.4283396238701749,-3.4552964137833704,0.6204083478383655,-0.5037629500551436,0.6009676153109116,-4.4458008170476155,-3.2459274960724973,3.6592067430080797
4.928449994710477,-3.768856597653987,-1.1817722316515196,-3.3263928556948033,-1.818456564634441,1.7428472593137683,-4.641463933244219,-1.1086950281372026,1.8458526008196396
4.11528790828812,-3.6977330866928715,-1.9693034130536313,-0.26075368761519024,-1.4775350870033932,0.5901659152674895,-1.3407036351041615,1.2266612838204116,-1.0795153460958944
4.384505568990096,-1.9046994874290286,-0.6728280903945043,-1.0254543846453386,-2.912916527623459,-0.2707995806745282,0.5588370002336102,3.4918312474579443,0.8343130385158384
3.9676211621400976,-1.028962964586029,1.1683262243500163,-4.658793746490351,-2.5107831908551312,2.2507961078686525,-1.490052646621298,0.885571213947202,0.39748999954228537
3.2716157696980757,-2.014109408734745,-0.1752417618384573,-2.7734561290889643,-2.063738858680411,2.4911613957247885,2.037454592138059,-1.2524118817044951,0.5050686488653909
4.041760844989813,-2.0181602565216026,-2.9161006336129005,-0.8647754002747122,-0.9640721953036226,-0.43359905257943554,3.9547521826826157,-2.6748105932389468,-2.2219011105464497
4.342655452672028,-2.0336875694522103,-1.410039674523447,-4.126843077818747,-0.25887249790127986,-0.41043861269762655,0.6669021471101871,-0.000735304793423531,-2.856777570862634
4.5722472258495355,-1.4727266468403464,-1.442997917172492,-1.7626131481317708,-1.0615523057270286,-0.09831672946418296,1.004777481941741,2.929184742025027,-0.6897857834668862
6.0372139391151745,-0.23072317746629045,-0.8444131403394965,-2.590893618453458,-2.805811782450357,1.3550584142274507,0.2788251122373945,2.373572946999168,-1.6089483413078345
5.650158725531415,-1.7940132056613536,-0.7979067109973225,-1.969009347145563,-2.6104094681856624,1.2700282116646415,-2.3358650258410183,2.873372497434394,-1.1429296258328672
8.268293616199022,2.1745082620256966,-0.5025658161816764,-4.081491247937082,-3.788112719321859,0.7876230242591864,-1.0157987362491572,2.9310851941269607,-1.4863081739367683
7.775288499388744,3.3787997861320016,1.0576994095256946,-4.826438034432792,-4.0529824517083055,3.2865135285591283,-3.103932949119738,1.5302745046286566,-1.2844845998523773
6.931007883122204,2.4346696677261845,0.34760022235115723,-0.8947951207678865,-3.1217421896625104,3.116101547951412,-3.8997957128222054,-1.3360563477547618,-2.075352072363824
8.719896315334147,3.499553445229198,-2.6741496109776914,-1.55178653509056,0.6282445743147286,3.531283924403303,-2.0401832731468077,-1.655502338735468,-2.489328167583112
8.174776381049885,2.765787731919578,-2.1038635175325906,-3.769932849706266,-1.624414747827084,0.6933851154090533,-1.8990089593259596,-2.826474544271431,-2.9983329535451877
4.465785053886592,-0.607181322682215,-3.1024206540260977,-1.6075722343315932,-0.1485079313090834,0.17923440155477524,-0.7107588841753962,-3.1363980137686243,-3.8681054064418556
2.9309383768841695,-2.311227737760248,-4.986049517399022,1.8761082754030944,-0.9525161819767396,0.3682964135105417,-1.7026707749274816,-3.162253695636518,-3.7476182354395386
1.917493767319348,-1.3485329054298887,-4.3244280423763275,1.961704531411513,-0.8764941787824552,0.387633219184667,-1.9369694350570397,0.6519870644955027,-3.5769903387649404
3.9544271958534716,0.10310577736624373,-4.028066391613532,1.0743928126658655,0.22993968496017514,-0.687723919248312,-0.40414151043149943,-0.1982783476396839,0.7153651406227296
6.092030403812663,-0.2890925994617321,-5.20525512002812,1.570962841505014,1.1643906329140483,0.5723551688860187,-4.766943183256505,-0.6458257437130229,1.9594482374340418
4.834393298686428,-1.1449085394994067,-2.6057876089055108,2.6012432480802175,0.9390201073920746,0.5087276572305771,-5.129900369067984,-1.1517360655116227,0.6307438975507175
8.391801435498374,2.385480514255746,-3.775438795966069,-1.1868372374884337,1.6274863044991488,-0.6073976078157951,-1.6798333163556702,0.7176061982991612,-0.9908719926403023
6.223865634482646,-1.1470081753792365,-0.9970552134950406,-3.9928749777242794,-2.920727318696837,0.4380950419140834,0.03851691107243353,-0.6439356213172404,-0.6971762356354944
2.5751111445086297,-5.435663815094398,-3.009683637555842,0.33023491477690947,-1.3238767008914836,0.9362765317333229,0.685437696379308,-1.1112319848030947,0.08915066222570983
3.194132524765291,-2.125579962954327,-6.10439002353567,-0.16601013701028539,0.05958351021080982,1.8251375871923112,1.3322511222641875,-3.834939285235927,-0.030536730365139934
1.637313394703879,-2.495253369700645,-5.719432808654972,0.5170058649233199,1.238500844067974,2.189965524980828,2.1336857372997975,-2.6097150761114967,-0.9529133734164502
1.4226905368566918,-4.730374758287644,-4.494104455562472,-1.1487733098800028,0.7826945724125395,-0.9910038169825658,-1.3047565706133686,-0.7134388148442525,-0.42235798092013893
1.6792136180142787,-4.0222752274185245,-3.1991499410284003,-0.38423459302885726,-0.6517876963667197,-3.9308671403648607,-2.4990421802695106,-0.6592544324909145,-1.3272258412175943
2.0575294342139108,0.05508627180404476,-1.907224993590115,1.1265688249076826,-0.2577356891745833,-3.4463867381635485,2.5873239075941217,-0.19637392616176566,-1.4264825816419662
5.489689708447251,4.439565063674746,-3.1135186933795262,-0.41380240342610847,-1.6720481484774945,-3.4063514679757914,2.894976012499683,1.9374217337568271,-0.24062207161810337
8.454449119362334,6.167732346072144,-2.4416197056141384,-3.668756626876772,-0.06034690917343816,-1.0282097545559545,1.2864895667555178,0.9599160394326148,1.2831693441789849
9.53061200657131,6.681704562189589,-5.386784970654213,-2.3131247177033623,3.675994022319843,-3.1201387046057825,-1.6400014253977562,1.252118075975715,-0.4101879830938254
9.536569185535882,3.9258255534873885,-6.375347916182204,0.3721116699088669,4.8448972752790995,-3.358885992708554,-1.5606052999929072,1.387061016671079,0.02639396974582062
9.516025773498203,1.2753184071733406,-5.850456235267026,0.22407069825251166,3.1765544977230538,-1.8852616418958021,-1.2671346967397408,1.1546800775005728,0.38204702975219157
8.023541423362715,-1.5039821230025825,-2.722273202126494,1.1738512216038814,0.8879051990871686,2.3950312042176267,-2.1461460004784527,-0.5530934198964474,1.0978036857171865
10.382325095770991,2.167738538238511,-3.4610986331390112,-0.13544442238621843,2.0818474585797007,-0.1669534512517703,-2.2268489772502913,-0.5572514645596123,1.7270780094456204
12.398266236458412,2.8952122961523927,-2.78010414800061,-1.8082979409077375,2.7918601141344923,1.1369293886803697,-0.49107969574304655,-2.2470696753704225,-0.055889002084488056
12.07081191814293,2.2412102650244035,-1.7294993512506849,-1.7248740225754309,0.31551912311603875,-2.031620919070775,0.29901324737356266,-0.07484071496001583,-3.2199034744972326
10.213532368518031,-0.31724617571725927,2.113592171129541,-2.7654597818111952,-3.4277139656462112,-0.8955735907400726,0.008451548504232697,1.3670359011952202,-2.7375106839852243
7.321935764244144,-6.160307285084927,2.8647743012893936,-1.1813002011067284,-5.026309918064846,2.396535437081433,0.19604063650250053,0.43483314050232175,0.11322443145194164
6.884865863557451,-5.1966006418644675,-2.045628314001486,-1.4763185099138645,1.3039403422744096,3.073009109333332,1.4949406083426375,-2.623790678795873,0.356166563700331
6.0815420606300385,-5.5716831782233145,-1.8311586440470284,2.0638197115966057,-1.9644206662546901,-0.54443792010707,-0.48655959819526495,0.6424386374956276,0.33413526015657474
4.815629951050073,-2.2337204525824994,-0.5384074988169602,5.424557084373316,-2.014193230636319,-0.9057670558030282,0.8892447030614659,1.3609011568647118,1.3652463531527625
7.838489622774772,2.874252920322494,-2.594244379981661,3.5538882417325963,0.863869029204282,-0.7833222557759894,2.0268320270101605,1.6611106251455632,0.8962822947356233
8.548855742834357,1.0465083348854252,-3.9029516591107125,4.971216446845627,2.313923777233747,-0.28499388583106744,-0.8288226895165172,1.1267294676045059,1.6348241224038387
9.752352392082521,-1.282109557133494,0.6181766828885218,3.861311917101463,-2.502956302873611,-0.6719361258249689,-3.839830552948241,1.1950762075885468,2.5565297641526423
10.077810173764306,-3.780705638273743,2.702144943487493,3.6176973890577773,-5.632147568130378,-0.013687678681442664,-6.206890925205944,0.7929917326714077,3.2491135292383113
10.746237973107855,-2.0669081980451347,2.4420651176412336,3.202528856944113,-4.117317802639422,0.42521923005092893,-1.2526840093000235,0.3748802233628723,2.9606320294655593
10.232731282703702,-2.9199986730925067,1.9925147956725873,3.4116318671526047,-2.7373035767924057,0.5714454808093979,-2.837476532333619,-1.3637710021753804,-1.0645530800248357
9.724721261530764,-0.4315390289580189,-2.253787053391095,2.571983491363465,-0.22640652406579037,1.0936743481905136,-1.9610928163861483,-3.2880228014125663,0.2250042976206067
13.2640457463797,4.1499933903596355,-2.9942316225339427,-2.5241121741280317,-0.5559467921890869,0.6201943327983626,-1.1901770585820817,-1.0928242834133184,-3.4113336215787973
9.457066211328783,-1.7094271554137073,1.8035125757263246,0.12988060845676863,-5.565114055399707,0.7066640504585886,-2.1782016736668663,-4.001643814532957,-1.4369995286713757
6.816465575021166,-1.5063201369134265,-0.4263905064207179,3.6418531581011813,-3.8894549686306195,0.9117715534284628,1.4642368308519633,-3.1387330187207105,2.307293564453835
7.134899161065944,-1.2321916186140205,-3.1445910579535687,4.74650680634868,-3.2784530585443257,0.8416607926866086,-1.8451016056349716,-2.8158255261118925,1.7106362334943084
6.821158068547836,-1.6853275398773515,-5.958996095006531,6.347525339648776,1.6493210324195358,-1.6304407369790315,-1.0392118337129754,-2.9682508198289095,0.9810505051444424
8.265633442361025,1.6282601120230125,-8.094001440944883,4.947434203438919,3.428039972131377,-4.136895646909507,-1.9091561495979075,-0.45254782432921,0.008962326646784695
8.488153699068262,-0.8445686283970071,-4.425082945453467,5.833783988975603,0.36526627241754195,-1.9457577913953248,-3.084779678118342,-0.1986659783168254,0.6022287755777409
12.195239314909392,1.6319671314788686,-0.9987076992577912,-2.1892272766458953,-2.792105432979898,-1.347421519522836,-1.2869142902828474,1.2284284970600743,-0.538707062182692
9.23466087032639,-4.247961882770512,1.4323525293042454,-0.3580885960357149,-3.1870431999495374,-0.49291676672709983,-0.6078491139410923,-1.1927919311005881,3.4888258583746
8.90434301831888,-3.758087419293296,-2.8617889270175425,4.264018754960982,0.020360138944772597,-1.88221255876597,-1.2960237515057837,1.293811045709327,1.2110474601733137
12.597652924325976,1.4612674223380364,-2.913727042727804,1.1292348025038836,0.7724300924230804,-0.6706317532325154,-0.13623770088883752,0.867668207726057,-0.21453567066164403
14.484200951561867,3.8284280496728456,-0.8275028187035809,-3.074875091995734,1.3532038378050608,-1.453597210428871,1.2169046359884015,1.5032919793438033,0.18015450379271503
14.35481690991827,1.8896166556663196,2.0298564160934838,-3.225819350053207,-2.104297430851258,-1.8357196974762626,1.4679435203953264,1.8001277178194774,-0.002340614723135491
13.331212888497797,0.3420103706853389,0.6084787811263899,-0.44906392814836427,-2.723465151234624,-0.13140112263144593,2.2688542322564444,-0.04927165237652364,1.5873494379553426
13.303226861303571,-0.6364462197096817,0.5924872064128495,0.5265149999741907,-2.5697024289958605,0.03402347656341863,1.3556811739529104,0.6654148365824727,1.1457160578848369
11.60909384323343,-2.9346052034760097,2.1146987303999425,0.55863178945625,0.024148121752311246,0.5607278654722213,2.1887736242738325,-0.007564870045800994,0.22010563775101077
8.92674865058464,-2.5672269960169785,1.7736260701456166,3.052932976856973,2.6685177096522135,-1.3500731098621437,2.1083714044318023,0.09110749311359567,-0.4359955323510979
11.788754678445438,1.4770308720179883,4.63098708492861,-1.4405851048250835,-0.8995885432785744,-2.047136006225564,1.5113350034699629,1.6968906145775131,-2.1716162466585427
15.158002246522807,2.188765275775649,2.988863764828957,-3.8351567118942715,0.3127194811842616,-1.866074550657949,0.8299066791022683,-0.4280427050328635,-1.0879482851648243
12.459008429489202,-1.1247415637336007,3.183431307472221,-2.729220747594629,1.834875684623471,-1.0243269690076193,2.5171753584285184,-3.169710188729218,-0.7578231653741975
11.40439385106299,-2.5844496653431976,1.4216295979327371,-0.12362734198328196,1.2353720007733664,-1.606538863121816,0.8907957091005918,-3.3972524516962785,-1.5986264008813744
11.961117304985578,-1.6423467860481553,1.1142244197576545,-0.8250880603923639,-3.7506771093316846,0.39332756369171984,-0.12988463834627575,0.9646439221084024,-1.0838718274652506
10.491886713032581,-3.3574565507462637,2.432618628525836,0.5175574666589137,-2.4748775874923785,1.3133530180652306,4.03557284355227,0.4657539601956519,0.506493194357361
9.468477982273951,-3.1285891650788757,1.4586831626033392,3.3622050256878717,-1.7703510339717612,-1.2961718582440542,2.060619342177576,1.968869498963863,0.4781556013219393
9.823282059015787,-2.2285639458486646,2.5255865305889382,1.8896379997743904,-4.906522542754681,-0.8131588052561225,-0.3542830650774271,2.003097661378924,0.7274072907806064
10.076443336034835,-2.59190344409183,1.0688359096489504,2.3816448302436304,-0.7394218887972456,0.5161105307241649,2.818169342979786,-0.5922206217530397,1.5942676583983897
9.792199259811696,-1.2218529189661358,1.9806960862073362,-1.1209456007189682,1.1303560095339367,-1.3323562534373028,3.686350328956219,-0.6006689903744389,-1.7208210937097446
11.290944403180754,-1.9052855914591125,2.7297773152497586,-4.616061104594125,0.5998337474430605,-1.847387099539892,0.8175196370512942,-1.8226529070236936,-2.0694505439314974
10.57840606116421,-3.8928288364883397,-0.020948681214056505,-0.8663097370473272,-0.4134824312970065,-1.2230415392371232,2.8357161243619298,-4.557555069593431,-0.4077216034673839
8.054019280677625,-1.8989898391178088,-1.499165984167851,2.8245445031451766,1.1781030296480508,-1.68474334968588,0.8967542416502715,-1.5109923922888973,-0.5021071138625782
8.926044521663142,3.4567496947584195,0.7387162795714501,1.2854216026159375,-3.095349249455106,-1.866236177685932,1.01473149460458,-0.8544225464655696,-2.642765682019629
9.996439912822535,3.6095884147717157,1.6140569932833464,-0.12936905003733634,-5.311738600831247,-1.2584610211377416,-1.2333958129637943,0.9844123861741361,-1.1762716804461775
11.34784715582905,4.009765730969509,0.6399196343369821,0.7831081496293462,-2.4173713986682777,-1.116065959366768,-0.8435325301303126,2.0992628081120106,-0.9901930207424268
14.001965480786675,4.634029771944708,-0.6200873415659168,-0.7095623701804551,0.061922327792452936,-0.34828137433312545,2.515749036528627,1.324819545725067,0.3696529575119607
14.704617800339953,4.3265337074673775,-1.3401097080143887,-1.250653526306672,0.868439640893961,0.7696840744205665,0.2349964923830608,0.7729724763747386,0.01930407292257928
13.496180678560632,2.2528439614761995,0.01452458207449725,-1.5253816545948624,0.8697742619660928,1.2077466156719703,-1.2644179646278895,0.5814881850433997,0.18128264176129422
12.940078586500796,1.7127388253554472,0.19983767608103062,0.3000696298838785,0.33732970202558965,0.46029981770810086,-2.544364682898534,-0.4043760024318472,-0.263312856548178
14.259192808682633,4.9267214036305775,-1.7877608076334794,-0.5612092575702351,2.911054853341353,-0.08105571737194542,-1.2574214280898954,-0.3941071361250086,-1.2222481694651608
15.218655844422033,5.946740265977892,-1.3496187000985944,-1.351368635625913,3.278750868975892,-0.17148732662958896,-1.0132577408862213,0.9295193872560635,-0.13264017219182167
16.432955120325282,5.722738324181141,-0.8803856406794328,-1.3923621106528414,3.3824876176187364,-1.8118886366494698,-0.32234268185164977,1.7653512544197372,-0.0010621262295903674
15.558868872959899,3.7020067432017787,-0.25791800615418664,-1.6192707320792599,3.453451098914034,-2.2976667210363964,-0.38620510592137686,1.371495509058026,1.7322412779597245
16.516012415776,5.262521674245275,-0.9926568822974815,-1.4312310443380711,2.1312610486772456,-1.0865435497370972,-0.22023269920392535,0.4689144967836935,0.8001650215799477
16.573257025674856,5.166502510299255,-1.5053788130039047,0.12415380972154265,3.5602503789713658,-1.5959713463480512,-2.120256712304335,1.658525191096435,0.22063393207340823
15.905583033898786,3.258277653534043,-2.1282684968752346,-0.39204266769541524,4.267239098364234,-1.8483620862657621,-2.6586123779931534,0.933347099545243,0.8282765678718499
14.996999042569088,1.9254446488508417,-0.44729988634181206,-1.0161689808970058,1.8651283457361887,-1.1971532620219036,-1.0640927071054693,0.8493742519701809,1.1746897273713945
13.323201894364777,0.0853742114778928,1.5365779433678382,1.3264964359621019,-0.9513383265543287,0.4913949163326263,0.9417577108533182,0.02947232808536232,2.6310567907819014
10.772787042586165,-3.566098647927341,2.687385854836796,5.299755689206479,-1.6346797124157533,1.254423474529791,1.1205464840547905,-0.8923903779683217,2.373609683332438
11.270921152121861,-2.508264890555961,-1.0669029019852267,4.594203359146491,1.392061717154326,1.4232268439474516,2.3942104373153534,-1.7095688922619179,1.808750733212698
11.362593266596738,0.28161695611596754,-2.0574242464156116,1.696736934371261,2.484964850843707,-0.6191122607327197,-1.1830988581989674,2.0693815711606485,-0.18005796470022545
11.886090064559397,2.324779311885501,1.0114210479631676,-3.1301256281667706,1.2306428753132044,2.4460013835492944,0.9638114571185233,0.5280448494851373,-0.7328097841803959
9.295757608314767,-3.5169014039110014,4.684972792669051,-1.4821261783556205,-0.28309058002328824,-0.5578426291375239,1.7852393355185308,-1.9417357784637574,1.1236549255368022
7.404774969091701,-6.3662698370563815,4.790708398965658,-1.0228340607553768,2.928174100371116,-2.1002145774425993,-0.7357117720696837,-2.3172052803985483,-2.4790445906227894
8.598067789483073,-4.231506371740005,4.240226085649053,0.26883571444054516,-0.7070016305344123,-0.4542494553097193,1.6710774526155092,0.060830237047076706,-0.8769278586782726
8.209462509314358,-2.7548381661920653,0.131745161609051,3.9928197986099097,2.2726253824250153,-0.16544608930318164,2.7572163521004485,0.10626621558613848,0.7944961924303817
8.30481898480868,0.6564201912251358,2.263689313580292,1.955479543752012,1.3725917166466932,-2.0348987767191606,1.2645640387677533,3.3521245073617614,0.7639306218079818
9.14032677464109,0.8244121147982493,3.7550381334047125,-0.45261578039752853,0.17612481175307496,-1.3896471344680719,-0.5657016034647832,2.7425020445767405,0.1461457142165786
10.043218452701478,-1.5616487460950532,4.581047026996509,-2.4300069179340333,-1.3627892521498335,0.16401378139032627,-0.747559431690891,1.462692525953334,-0.10820352641557988
7.22071430946739,-4.135839673886387,3.5490858945589303,1.1484781649111357,-2.4843532338394105,1.7583679693034244,2.0138283300266235,-1.8948379031513132,-1.031326886128733
7.14062528993421,-3.1572306689540848,0.2053698756133812,3.2592937733113385,-1.1215908503738703,1.831467277244321,3.5439926519829394,-2.8185347678742327,0.9171406961250979
6.125710205561078,-3.760130552359613,-0.5939855924027676,5.161388065172361,0.4402011648682768,0.823548166911251,2.8703901431628487,-0.5297186182757542,0.5640328950281396
6.255550031226293,-1.6043757435762112,-1.5958343942913717,6.240100409638399,3.0789465756930805,-0.511110586263306,1.3639362463637665,1.1412182180287542,0.5058881144702401
7.450023990060184,1.0097142082127393,-2.4355453249442225,6.06291045634909,3.957843754374963,-0.7812046261806677,1.93699105180435,-1.2629521747496697,1.6469100630005895
9.552560914427639,3.8323587163624357,-2.170075686810022,3.2253302657200096,3.989281940503581,-1.2829890372642307,1.576864954005653,-0.0014334406139932421,1.5259850887915418
10.13238142288408,2.95641295404553,-2.071484551916176,0.6205933346209257,6.655079643122456,-1.0582300987826267,-0.15340888070735853,0.5662887617411776,-1.3265681543529884
8.571098795789588,-0.8810255108544469,-2.382462218606034,3.072520565124007,8.33582198095616,0.697811017720888,2.689075764405463,1.2021506479039208,-2.7375254642797944
9.188609561581583,-2.034373617716157,-0.47058440828966264,1.0910139131484662,3.704371153096085,1.8457210973226081,0.19282377267149078,1.762659878783592,0.2492217042170923
7.269123126664569,-1.1437686542659886,3.130432203917857,2.2949118881589725,0.12485949448132685,1.6538285136472777,1.28959333805916,1.8446178026746567,-1.0384536540609572
7.912550555029913,-0.6510535144374682,2.941437056308238,3.485511742159879,-0.9787607377135106,1.3111247363255862,-2.0213980291189784,1.050110964782097,-1.5592473088666963
8.205582023854037,-1.3891650359430026,3.3399129747547156,3.1114499159581483,-0.17500390415519265,1.206626898404699,0.8570136500124822,1.3409402716351717,0.6616368340077425
7.622924153273102,-4.367810986299453,3.0400886392366417,1.930327804019542,-1.5500022619855587,1.8882551802308676,-1.386027809534867,1.3925012780508652,-1.460567876919896
7.9788893364410844,-1.4841571615890299,0.08624552852852672,1.9921346740811898,0.4707925230661486,1.3309921591877574,2.4015685232755746,-0.3740999454383322,-0.9574180688434825
7.099997013274469,-0.9644068140131374,0.2923022248473329,2.047483761647346,0.6430269501048395,0.8700301994664412,1.8907389832237447,1.264003476545596,-1.5062075385860745
6.430573340917263,-0.5493099215359255,0.9692468481874454,0.320816733205457,2.060609914192417,1.7440422054805182,1.5013646880888933,0.38397802896496847,-2.759450678814264
4.521782822284105,-1.4399942788256996,-0.7543235063540046,4.926884011105251,0.962280624414322,1.7020866747157872,-1.4263792133143534,2.5836296744986553,-0.5950865148771679
6.484855228137885,3.460701430165312,-0.20247959781286146,1.3532373272690388,2.2082490145774734,1.6373072626992717,1.5365751501665423,2.028127275952985,-0.7513261164268553
6.659779403239557,0.9210104050951318,3.742466833191587,-2.680420119031551,0.7726231865079577,0.2628839348347165,0.7942654503025465,-1.3252651937753763,0.14112702614962183
6.657544109222974,-1.6533071268899178,5.157739350099474,-2.2931962470050933,0.8871647951660803,-0.25492208767458613,-0.46590737690154366,-1.768100884283557,-1.4368669957975602
5.0422660162988135,-4.9788010833040115,2.699561514323562,0.1231675501417531,0.20736614245198717,1.803680215265602,1.319936157012698,-2.0351310359008403,1.4871693924363825
3.8609274630675756,-6.127247899300146,0.965884658622771,-0.8415505138001703,2.4944707389745204,-2.312397231732102,-0.5314165378980457,0.2616788902529175,-0.09981835943070758
3.0133363174687373,-4.151536703472037,1.601707004260295,-4.31431526934165,4.335506373983131,-3.334331093734441,-1.502518073820026,0.727100537714449,1.057274167469268
1.4747847672390528,-6.107572782897536,3.056001305373544,-3.382644977368522,0.2295210245967881,2.4049363444021394,-1.2961864300396282,-1.0465414367026433,0.26968710205493535
3.5783695044094497,-2.6428631628624704,-0.3404963680722121,0.5813711834691989,0.4327381482659527,5.620713688154232,-1.1537849871810608,-0.9965223436424069,-0.17251076901862933
5.734828579626501,1.3297148975175022,2.885565131619007,-0.5968073048017829,2.116405610235746,3.0952483203321077,1.3327899725622996,-0.6121256851753315,-0.32887775748519366
7.180834053807015,2.2581545922562736,6.70597125210552,-0.2652857872462635,0.062213253723622484,2.837048272274342,0.17065211608119543,0.2955637149703024,-0.6333877860247041
7.459717789589538,1.358816969033039,6.2952788866508085,0.05697523729175252,-1.3614030006410622,2.2270201144015775,-1.3458756752147176,-2.8876176084471403,-0.19798464382620745
6.260817066914895,3.3149146777671294,4.001037962479806,2.3457801992689378,-0.5579395985613141,3.880730833549222,1.5147589496518357,-0.9922913685728502,-0.2567937018964182
5.973199544469534,1.8725080429424985,3.968296816378582,1.7729027561383477,0.2993717320275088,3.6705841697924395,0.5146736118576086,-1.5806988762321186,-0.027959265267533423
5.11696151002831,1.6197873061292356,3.7389889027810135,3.2684910096893605,-0.3412693503354333,1.9360615680651594,1.6328582678102825,-2.742109820136212,-0.6830574579791061
5.330501741441381,4.681330129950564,2.4811474057850145,2.4709408575776344,0.8457622127155934,1.7553694108041045,2.8768430250456722,-0.6110483914517515,-0.43890618903442385
6.050262728442877,2.398464558837842,4.679662574814768,-0.08444120996286342,1.0362916674204081,0.4649768471462423,0.37610408850657456,-1.6549857846770957,-1.7621831597146584
4.421246544986265,-1.4906279711210633,5.338072104052066,1.7735269095183503,-0.444168692858026,-0.2581062121448062,0.6529364129004159,-0.7080282395862729,0.026813069707097674
4.235354754290399,-6.3817537390901995,6.547398860517153,-6.330257450932321,2.4567650637816114,-2.030157309034861,-2.0725262681294243,-0.8619345005415773,0.5814787193953331
3.9181274532325063,-7.464784949700007,2.103090043797891,-3.519384742240188,1.9555987350686221,-1.0468046858411686,-0.265385506079363,-2.794214297735614,-0.025906325976295285
3.0426488072487516,-4.892756913310766,4.48442905319409,-3.3881419405891817,2.32901085658631,-0.9804713479521695,-2.1998887287653637,-0.26032056336605724,2.168207836011119
5.146685647657318,-2.034535832746877,3.830881011054623,-0.6354241661836142,1.457137140313895,0.5922455936665796,-0.7848095514316359,-1.3297409926610202,0.5592002505459478
6.132459334270538,-0.18476814760216068,4.661623853546691,-2.773029173370828,1.283421080965613,2.540947124348398,-2.223004344020673,3.358494908776244,2.0422764001697256
4.911727208938535,-3.2157872041773374,4.6732372430069375,-2.070635668065839,2.0342551992398463,2.008666491046269,0.0015315166250881647,0.21447099542743617,2.039164748343799
3.491629222614218,-2.181896270365016,2.840224809221623,-0.5171922636171196,3.5827686651948096,2.4777133061118706,1.0790793212755476,-2.2059126190406944,0.04948678177889
3.306716060751663,0.3478944311346468,3.07274329837623,1.7970849321821054,1.875580243127193,0.6415517543705846,0.859910613231748,0.96142160416129,0.7405223639911094
3.2440571405823637,0.001221995849828849,4.514227003877809,0.8831061409598422,0.3574874289617329,-1.1254863156997819,-1.4821660511716692,-1.886234458889926,0.21040710614690566
1.5288404963495386,1.2696734129156193,3.382150621195539,2.160131317436561,0.6738614070677335,-0.5232843945495932,1.8835178764827156,-2.4503256611680655,-0.18738446310341497
0.18450595526802463,0.8348735366314808,4.748984011123766,3.636543115229518,-1.0545107840345649,-1.1967463008570614,1.2885190050727782,-1.2331481948251009,0.2642929392635155
1.7233856809007029,2.429779586999707,4.703434468588998,3.183217727845748,-0.9413470282315775,-2.1981239535242794,0.07093623633432318,-0.06487112956553893,-1.1703279270360358
1.457972131896315,2.3986939304219206,1.9938909328575563,3.2373653281873187,0.09914881320650842,-2.559290658753096,-1.2039151889869217,-1.2304755133428307,-2.09022174179769
-0.2641453280953059,2.3432298074679445,2.390998811150809,2.257553630576901,-2.1240266947394804,-0.4289859382851463,0.5307756222067426,-1.9912466025502273,-0.9299135891854452
-1.9356041574137475,1.1484907934609832,0.6276492120061707,1.8945231529196513,-0.49757158323336403,0.014375438751016463,0.8459230282228586,0.8163481294418246,-1.2146897379809527
-2.722548243625629,0.2420816168625254,-2.5702805280838765,3.0938374996333184,0.11499641260119582,0.22108058969482214,0.770743067444947,0.8057152820063654,-0.28666527985072626
-3.880198602919813,1.9271449057031205,-4.548194879652496,2.015890403138941,1.236513603077445,0.11200656886378227,-1.6023573662968074,-0.4438145782979354,1.4317517393406174
-3.5628156870150116,1.9027511903401686,-4.589794511336146,1.2118766764653157,2.910883918846098,-0.5192244085095121,-0.9941137453387836,-1.6077847077751513,3.0392745725942
-5.656414057833429,-3.594465821862463,-0.416272428408749,3.626095037358403,0.5232229396418839,0.3930479576595904,0.7267370123770766,2.419100334627752,0.2080288166096512
-4.534680206887169,-3.7087071901385764,-0.22991008629253415,0.6267016763838593,2.769936154997006,0.4303215156489365,-0.3812886499935724,3.1297156679271696,-1.7936847998685017
-2.593929319392336,-2.224904463144542,1.897557840841363,-1.3577104089504013,2.749457240109792,1.428825773015251,-0.20153458305479033,1.2304024325503968,-0.4964968827966028
-2.0405727486793155,-2.950263713702972,0.28645656223991217,-0.7034010257571802,2.289643039551369,2.2033288347699864,1.5706467038179246,1.2773421498249287,-1.2278513161241575
-3.0137354318982803,-5.431499219316307,-1.744741898968185,3.826940174071839,0.826799953286053,0.32092482402553285,0.7894258180359011,1.224284384386274,0.04469064744237431
-3.2032396717541136,-3.815197931622829,-0.604573351943863,4.432204509809212,0.5902938699997075,-0.1887850410759846,-0.730751890940415,0.7380438668497975,2.101530007448163
-3.883722831128131,-2.07758798965896,1.2537893008103909,5.316376582339216,1.2854391197907014,-0.25252866911601657,1.3085204411610716,1.7883448998691458,2.4773610190568776
-4.059011102203523,-0.9694170615454701,0.6353306726556639,5.033658431008571,1.9683034525321514,-0.4547469703792916,0.4278560210208244,3.0400984943708202,2.279064960122274
-4.217954108411577,0.16627042563472902,2.5073304216435695,4.8135543683651685,-0.18065849279185187,0.7522608400944497,0.016226018817588,4.552313052220841,1.9133102442701544
-2.752120823777545,3.878469570472331,2.223814721733541,3.0715897814422664,2.103682883692553,1.268923921702928,0.4490335691761012,3.30874970773762,0.9312368576936416
-1.8638756040441737,4.586060098505696,1.8784241137753444,1.9471349438715915,3.0368802190726862,-0.5643938428480662,0.9313293965109297,1.7451886093608848,0.07574919111479415
-1.7286860888954452,5.621954652706853,3.036317605991321,0.8875739266052229,2.120915304809774,1.6119072839822868,1.1890307578867807,0.5724909636154377,-0.8424905481701187
-3.7299012401903977,4.28752675543783,5.054085248289705,3.5526291069337623,-0.939976557953495,1.6420999254920523,1.1585138765847387,0.97146243063966,-0.08858968547863848
-4.237906381285272,5.007286534469037,5.985705153172163,3.4613838102411827,-1.0899241579999095,2.881806807773991,0.17979956348960865,0.8185026964253708,-2.02539401490235
-3.6708426825698286,4.370949902040392,5.342637838628208,4.0816296759936455,-2.1460912444266143,2.2895119293064132,0.02704642045782499,-0.3011911210725893,-1.305662225969215
-4.255131563064778,4.390135924731096,5.96388224551926,2.5407266818816354,-2.273659466167299,2.995966280878358,0.34057978500229513,-0.525744799182253,-2.12506720664702
-2.4086900664695787,4.755175627320712,3.8586316425048794,0.34369563413731313,1.8394329594890855,1.8198729083527343,-0.017473632439373086,0.03975091686920543,-2.372918796663404
-1.2846622128906202,3.3608624312119715,3.721728473804755,-0.4505748884327036,2.831109507069435,1.0982626046818644,0.3024100426086551,0.43965767956789403,-1.6019445603885594
-1.7108550072446136,1.069845908520057,2.916565468855569,-2.391036034888752,5.294732379770407,-0.21208320300687522,-0.23332115601319475,2.8616062612284914,-1.5079619344992947
-3.5144724781656405,-1.7830052220462762,3.3985452660938,-0.18114540726382206,2.6436566927793743,1.626464561614941,-1.517201270912843,2.3305918775608343,-1.4218021805191086
-3.892656097520426,-0.4285064538975112,3.6101524892313424,2.1728397179753984,2.745393723695695,2.6014932538007276,0.6383590070573844,1.1225124568281877,0.3601967840605997
-4.016098752661816,1.2382422666801016,3.308897910934346,2.4871373353636255,2.144990977448348,3.3466737672179248,-2.0161552344648057,-2.082142876771225,-0.6767553056350977
-4.947580472265995,2.8939963192134552,3.112556669168866,6.391028419804027,1.4179184932160076,1.51170344785834,-0.6062871310727673,1.5458433279527883,-0.11247994069064285
-5.85776921035527,1.4037096483670362,3.4852512452956144,5.620115249913016,0.4977363410009765,1.2207523038401566,0.2287654161941051,0.7203359477756202,-0.8501299845729374
-5.131126953507875,0.8412791163065841,3.452425456321762,4.312616911616433,0.41604309730384126,0.7200147094350098,-0.7576175323236222,-0.3636482448320952,-0.3118131043047525
-6.236768649654524,0.22446349981157915,1.19281480250758,5.896622211877312,0.3364708866130198,0.4244094239875864,-0.9270615262860327,1.5010563280774925,1.1154563349702988
-5.174969234644744,3.465813209792552,-0.07219281874610191,1.1037808599992884,2.089362486492787,1.068358234437193,-2.30545890593942,0.33149585805964343,2.209425023197599
-7.156499136368663,1.1724654073252925,-0.5074011752940808,2.1603045442240245,2.574546367522586,0.2605773942780967,-0.2822358571295137,-0.44496937197538355,1.7340438092102657
-7.579015016781335,-0.11264922318779229,-0.3429160065699291,3.486637035154234,1.4040469021617386,2.105240046200828,0.9429601641829579,0.9645424116533643,-0.2163707027980614
-7.315261910300203,2.359892329203243,-1.2103073616159468,3.4462305120920895,2.4185980285373785,3.562089742070777,-0.35007515014477236,1.5724815657682876,-0.6176763687242954
-8.214634334533699,1.377312830161988,0.06372525819726459,2.520814529342728,3.419208688284979,2.6202687320723315,-2.155745740197705,1.1580381265629562,1.045883425386919
-7.92521663007638,0.04734960482314727,2.2226376483911805,3.7620175059295646,0.7781245973435184,2.637681711358351,0.09313774453750755,-0.9117741333197003,0.7805233437066417
-7.741340206933214,0.5521985434130485,2.622262333272624,4.2221073986978555,1.1744686525881394,2.427485608613103,1.7635889131649927,-0.4600293381199489,1.0270606093250918
-8.151685125441613,-2.214310740674816,3.267250185189559,2.3974137875811543,2.4414098638341972,-1.192424178549661,0.6951374421301701,2.5169793254007016,1.8119960835375155
-7.179919558566023,-9.959784890684762,2.554321494244856,-3.42332623416374,2.913999491117039,-1.5164406961036752,-1.2777514477865388,3.4610819071872787,0.7324470174220016
-7.4288471187638665,-9.67529215511457,-2.6480735750036235,-0.28865640067411236,1.9374459889968176,1.3269230663444347,1.7203440001797237,3.305700316097607,-1.3085508740474465
-7.3400887220239115,-6.924912725570155,-2.9223440909872385,1.3439839328671819,3.3881906463977294,0.14575595797998972,0.5765707045779543,0.16485663673004836,-0.6690153139622519
-7.939815784984985,-5.098869988088533,2.274027474869096,1.1879283236127958,-0.19654124334073916,-2.896272121864504,1.288276941029619,0.33667526593040237,-0.6895385649514333
-6.3674369393881705,-4.6114412296333445,-0.7236930245935302,2.3915943633760675,2.3390942584260377,-3.8525935411763363,0.3038018217602491,-1.033614666260653,-0.26123033116827993
-7.215929047646732,2.3800188786613123,-1.2024318036242785,1.1099002730952323,-1.153697625302761,-3.5184016130827547,1.477215573182468,0.4994616486304826,-0.05453620268024615
-9.5803284504402,1.958771259485777,-2.5617074555333192,2.2193348995281568,0.9271127574309637,-2.4633481791527463,3.3068951253213816,-0.07729835868096097,1.8657329027685585
-10.18510242544859,6.3044477140163275,-2.5968196997466686,-2.224734093920676,0.6058049988994686,-2.7291781541308375,1.9465937394396922,1.6747300296644592,-0.044053024344104096
-10.573537625988733,6.999443179981691,-1.2134721848638128,-3.8945497143208936,0.5864325117208115,-1.4556680446463328,1.0210131827669582,0.44408603406976105,-2.0239834604359883
-10.89908748477064,4.055542475024711,1.5102221776528106,-4.472558885585507,0.297590445154966,-0.7534781213241207,0.5695219276359164,-0.8847167598991699,-0.7118152971812871
-10.076373099991583,-0.2621690866267727,4.3439578366573155,-4.481578600010073,-0.2827300025470015,-2.1123874272384775,-0.634700795995056,0.5621459505054823,-0.37338123855737987
-9.78991843829811,-3.973053551584831,1.6412903943089974,-3.446407107017795,3.271638954794815,-1.8595604941740895,-0.5889120862941862,-1.9427315729963415,1.087363407924425
-8.214440915906168,-6.801769099135414,3.1146776279779895,-4.144670335709708,3.0076742081672423,-2.8757189945798705,-0.8959057624298434,0.8233837012382417,0.6124714547935791
-7.8839144139969815,-5.358052725605899,2.5156555723855334,-3.6828132447518436,0.9085334802638249,-0.2489601441890628,-1.5195690953772032,2.9964560597882257,-3.1812088062538098
-9.00647346229111,-4.788512978898226,-0.04669557069420838,1.1146321768606717,1.6339777288708388,2.643581420914462,3.158223035884375,1.0991021193372692,-0.4660949433928785
-8.47448709900512,-4.291077191379052,0.9595870192090394,0.6642609176791532,2.3119968991968824,-1.5261496087955548,1.3396210858808586,-1.6812554864212825,1.816178069861902
-8.020260088895323,-7.228321037365031,2.919338416772029,-4.6279470701473535,3.490879070027939,-1.406619370183124,-3.2311518276306272,-2.044731631710164,0.39808877185132596
-7.131329291646078,-0.33698146407398877,0.1439387319301424,-0.02497675547689025,2.3860803093138774,2.9196608534171453,-0.6538797642491128,-0.8708059682847303,-1.5775098542570927
-9.148151186353152,2.1274681038330567,1.9957264327177722,2.309038705190764,1.1872519121437535,0.7116310938939332,-1.4980468473821902,-0.8069077419218161,-1.4582445224138423
-8.708271542879467,1.5152675098465929,3.985912100878799,2.684233550624607,-1.7343259370720843,0.5545325954033029,-1.3679459235746274,-1.0951540318733575,-1.034655382442423
-7.211322504595872,1.0405119215996197,1.58526326021954,3.4508256442972476,-1.293993082563192,-0.8008909592835827,-1.0775068196059887,-0.8920826025980423,-0.16471594404016654
-8.494654868047858,2.1680177564528207,3.2375450937791803,0.9769487869912458,-1.3934091252692085,0.1553785423205418,-0.07426362727739531,-1.4924775015108396,-1.533938514978249
-8.38541344687041,1.4692358380413888,0.7348588800537962,1.813123495924079,-0.596115869893721,0.24568462194109686,-0.9656228163092878,-0.30664884239949725,-1.5014730773177003
-8.75656125521274,3.4629825378981174,0.29420045166971853,0.7943718634408019,-0.569172796380983,3.4219385981685484,-1.649985961978332,-1.2791476251338223,-2.6385860119936626
-9.475241468214671,2.5541749327252155,1.4438896642147239,2.1738094290093497,-2.672988190155111,3.728091315137793,-2.557065055146939,0.5517035198603234,-0.9090893021181331
-10.045434676139802,4.335858575429947,1.4821426798593917,0.9779488032973341,0.6929157955966525,1.9784579726018063,-0.8825367874505035,1.4103143083354523,-1.206377625189245
-10.699797692235322,-0.34155261105516205,0.9605865849830602,-0.09733939360471776,-0.5952762720411456,2.8152399534565618,-0.5486471062091288,0.22799969422447716,-1.700923697233939
-11.004249065135937,0.8035611960638747,-3.626588278116268,1.505478745053097,1.2981804488192699,2.345973584249586,-4.256034463478215,0.6840019059914848,-0.651126102139827
-12.036012180083965,4.107145529289648,-4.764173146875482,3.4059448863131885,2.4662904265117804,2.5227774110029237,-0.9971902686896563,-0.12699232758793041,-1.448270008554204
-12.538712955319777,3.6817184065266026,-3.0467409573516893,1.5475149652568339,2.2579924523960133,5.144946030085099,-1.0651063587981129,1.2213306580393357,-2.9807589041066573
-12.400437709022082,-2.099762447284046,-3.5254927447187545,2.0389644166774703,1.2739495174505613,3.734187110616371,0.8104000012200413,-0.3484612963156022,-3.5506403105835695
-11.646799999580807,-4.788778603285804,-6.65258757763433,2.1956955689921047,0.4699478205827671,4.098947214338427,-1.907761669203748,2.0664515926002296,-1.839755987049317
-12.232435676124494,1.5734345489260722,-6.424728792709766,1.9308202681909743,0.9218112778220012,0.48548937013491694,0.8721100939447002,0.07840643942443515,-2.92888828840083
-13.460452714070195,5.392950586869267,-2.878144843537104,0.11848805885368552,-3.865647319711941,-1.4237689954237596,0.5832120918504539,-0.759502327472265,-2.073653229180206
-13.036188878929611,6.621948558016938,0.9718200566144386,1.4102583230032566,-4.391588781917747,-1.3386165401261056,1.0570429863545354,-1.785583743323862,-2.6411564558374345
-11.719777048101374,5.767112475328438,2.9952048170406673,3.8558815522573986,-2.4508556665051597,-3.033023040198908,-1.0461885397878898,-2.612896273257484,-3.0632086363476567
-9.730144609827729,4.641410903170004,3.3049520290484256,3.8852981921945418,-3.150432624924471,-2.3514014666366805,-1.4134970748843632,-1.323546670206626,-1.2780147306188048
-9.306082358418223,2.922427132220991,4.3147101301853565,3.1686182149205226,-1.1999820677494006,-2.0250596911268595,-0.9323646266626046,-3.532047851412628,-2.5910335273011893
-10.669071941923393,2.051601495392732,2.689685664852208,1.4767155144305317,-1.2308802504098861,-2.94519445790811,-2.619587446250291,-3.593311633227624,-2.430000527408733
-11.365610073572036,-0.12841084632452315,1.1987259109770936,3.6277411071420147,-1.4835668654847514,-3.5651421581034493,-0.6498290162561605,-0.4627402769358398,-0.9228109325602137
-11.419171891468286,1.6801870722080732,1.11710810658,4.011090903432204,-0.3817387214403891,-3.0755636893893596,0.40178723655803394,-0.845832311507946,-1.3105467076057125
-9.219331048754698,2.37445681401534,3.0713172699769093,3.7791229004221836,-0.27257493419815465,-3.387202253268135,-0.8152792750263983,-0.9357298632773023,-1.4173147621346027
-8.152460561058787,3.340226650197521,4.764830858217793,1.1540432323611363,-0.8578518992471146,-1.421442170883154,-1.7512414683634399,-2.2942707257633943,-1.656379103335292
-9.234064733955515,3.1612977782658125,3.417207592058173,1.6520054841653435,0.08817688567243562,-0.2165510152339734,-2.2266987282413373,0.6109191990819264,-1.6239248019537356
-10.10146078621099,2.1599410738377083,4.149300991869538,2.10067935082582,2.264885823220346,-2.9425281510547494,-1.564993868477804,-0.5927268975135621,-2.729228505520721
-9.586317926547816,-0.22925116266284828,4.076227594238956,-0.1784983472927945,1.7740570214962117,-5.189664003499112,-5.0326467994465895,-0.40920200313076005,-0.31465930091922506
